state,counties,excluded,excluded_pct
AK,4,0,0.0
AL,27,2,7.4
AR,13,2,15.4
AZ,11,0,0.0
CA,43,4,9.3
CO,15,1,6.7
CT,8,0,0.0
DC,1,0,0.0
DE,3,1,33.3
FL,41,3,7.3
GA,41,4,9.8
HI,4,1,25.0
IA,11,0,0.0
ID,6,0,0.0
IL,29,1,3.4
IN,27,4,14.8
KS,10,0,0.0
KY,19,0,0.0
LA,21,0,0.0
MA,12,0,0.0
MD,18,2,11.1
ME,9,0,0.0
MI,35,2,5.7
MN,19,0,0.0
MO,22,2,9.1
MS,14,2,14.3
MT,6,1,16.7
NC,54,0,0.0
ND,4,0,0.0
NE,4,0,0.0
NH,7,1,14.3
NJ,21,0,0.0
NM,11,1,9.1
NV,5,0,0.0
NY,46,1,2.2
OH,49,1,2.0
OK,14,0,0.0
OR,17,5,29.4
PA,44,4,9.1
RI,4,1,25.0
SC,24,1,4.2
SD,3,0,0.0
TN,31,0,0.0
TX,69,0,0.0
UT,9,0,0.0
VA,37,3,8.1
VT,4,0,0.0
WA,22,0,0.0
WI,29,3,10.3
WV,11,1,9.1
WY,2,0,0.0
